"","Energy","Mood","Focus","Connectedness","Clarity"
"Energy",1,0.70714860985407,0.586462533452488,0.542733640743437,0.5071342451139
"Mood",0.70714860985407,1,0.588438110203204,0.599217547063303,0.565119926320663
"Focus",0.586462533452488,0.588438110203204,1,0.725211530235827,0.602283981483004
"Connectedness",0.542733640743437,0.599217547063303,0.725211530235827,1,0.635748989168278
"Clarity",0.5071342451139,0.565119926320663,0.602283981483004,0.635748989168278,1
